,,,,,,,,,,,,,
,,,,,,,,,,,,,
,,,,,,,,,,,,,
,,,,,,,,,,,,,
,,,,,,,,,,,,,
Internal Transfer/ Requistion From,,,,,,,,,,,,,
Venue Requesting: Toby Keiths,,,,,,,,,,,,,
Liquors,Prev. Ordered,Pars,Price/bottle,Ordered,Total $,Signature,Signature,,,,,,
WHISKEY'S,,,,,,,,,,,,,
TX Whiskey ,,1,35.19,0,$0.00,,,,,,,,
Gentleman Jack ,,2,24.09,1,$24.09,,,,,,,,
Jack Daniels,,8,26.38,3,$79.14,,,,,,,,
Jack Daniels Honey,,1,26.38,,$0.00,,,,,,,,
Jack Daniels Apple,,1,18.39,,$0.00,,,,,,,,
Jack Daniels Fire,,1,26.38,,$0.00,,,,,,,,
Fireball,,1,15.19,,$0.00,,,,,,,,
Pendleton,,x,29.59,,$0.00,,,,,,,,
Seagram's 7,,1,14.99,1,$14.99,,,,,,,,
Screwball ,,x,26.36,,$0.00,,,,,,,,
Southern Comfort,,1,11.99,,$0.00,,,,,,,,
Kentucky Dale ,,x,6.39,,$0.00,,,,,,,,
BOURBON'S,,,,,,,,,,,,,
Eagle Rare,,x,28.39,,$0.00,,,,,,,,
Basil Hayden,,1,41.28,1,$41.28,,,,,,,,
Woodford Reserve ,,2,35.09,,$0.00,,,,,,,,
Jim Bean,,6,16.68,4,$66.72,,,,,,,,
Makers Mark,,3,29.00,3,$87.00,,,,,,,,
Old Forester,,2,16.50,,$0.00,,,,,,,,
"RYE WHISKEY""S",,,,,,,,,,,,,
Knob Creek RYE ,,1,26.00,,$0.00,,,,,,,,
Bulleit 95 RYE,,x,24.74,,$0.00,,,,,,,,
IRISH WHISKEY,,,,,,,,,,,,,
Jameson Iris,,3,33.30,2,$66.60,,,,,,,,
Jamison Orange,,2,33.30,2,$66.60,,,,,,,,
Jamison Orange,,2,33.30,,$0.00,,,,,,,,
CANADIAN WHISKEY,,,,,,,,,,,,,
Crown ,,4,29.99,4,$119.96,,,,,,,,
Crown Apple ,,1,29.99,,$0.00,,,,,,,,
Crown Peach,,1,23.99,,$0.00,,,,,,,,
Crown Vanilla ,,1,29.99,,$0.00,,,,,,,,
Canadian Club 1858,,x,12.80,,$0.00,,,,,,,,
Old Forester,,x,16.50,,$0.00,,,,,,,,
SCOTCH,,,,,,,,,,,,,
Macallen 12 YR,,x,75.99,,$0.00,,,,,,,,
The Glenlivet 12 YR,,x,58.79,,$0.00,,,,,,,,
Dewars White label,,x,19.20,,$0.00,,,,,,,,
JW Black,,x,41.99,,$0.00,,,,,,,,
Chivas Regal 12 YR,,x,29.90,,$0.00,,,,,,,,
VODKA,,,,,,,,,,,,,
Chopin,,x,31.60,,$0.00,,,,,,,,
Belvedere,,x,29.77,,$0.00,,,,,,,,
Finlandia ,,x,12.79,,$0.00,,,,,,,,
Grey Goose,,1,26.40,1,$26.40,,,,,,,,
Ketel One,,x,25.49,,$0.00,,,,,,,,
Stolichnaya,,x,19.99,,$0.00,,,,,,,,
Stolichnaya Vanilla,,x,21.25,,$0.00,,,,,,,,
Absolute Vodka,,x,19.22,,$0.00,,,,,,,,
Tito's,,12,21.30,8,$170.40,,,,,,,,
Deep Eddy's Lemon,,3,19.99,,$0.00,,,,,,,,
Deep Eddy's Ruby Red,,1,19.99,,$0.00,,,,,,,,
Deep Eddy's Peach,,1,19.99,,$0.00,,,,,,,,
Taaka,,3,5.55,2,$11.10,,,,,,,,
TEQUILA,,,,,,,,,,,,,
Clasa  Azul Anejo,,x,367.99,,$0.00,,,,,,,,
Clasa  Azul Reposado,,x,149.17,,$0.00,,,,,,,,
Clasa  Azul Plata,,x,92.11,,$0.00,,,,,,,,
Patron Silver ,,3,39.99,2,$79.98,,,,,,,,
Corralejo Anejo,,x,0.00,,$0.00,,,,,,,,
Corralejo Reposado,,1,28.26,,$0.00,,,,,,,,
Corralejo Blanco,,1,24.79,,$0.00,,,,,,,,
Herradura Silver,,x,39.19,,$0.00,,,,,,,,
1800 Reposado,,6,31.79,2,$63.58,,,,,,,,
1800 Silver,,8,28.79,7,$201.53,,,,,,,,
Jose Cuervo (blue agave),,x,21.59,,$0.00,,,,,,,,
El Jimador,,1,19.50,1,$19.50,,,,,,,,
El Jimador,,x,19.50,,$0.00,,,,,,,,
El Toro,,8,8.76,1,$8.76,,,,,,,,
GIN,,,,,,,,,,,,,
Hedricks,,x,37.40,,$0.00,,,,,,,,
Tanqueray,,1,23.99,,$0.00,,,,,,,,
Bombay Sapphire,,x,22.39,,$0.00,,,,,,,,
Taaka ,,2,5.89,,$0.00,,,,,,,,
RUM,,,,,,,,,,,,,
Myer's Mark,,x,22.39,,$0.00,,,,,,,,
Captian Morgan,,2,17.99,1,$17.99,,,,,,,,
Malibu,,8,16.80,4,$67.20,,,,,,,,
Bacardi,,3,12.00,1,$12.00,,,,,,,,
Barbarossa,,3,5.80,2,$11.60,,,,,,,,
BRANDY/COGNAC,,,,,,,,,,,,,
Hennessey VS,,1,44.49,,$0.00,,,,,,,,
Courvoisier VSOP,,x,38.30,,$0.00,,,,,,,,
Tuaca Itailian Brandy,,x,22.13,,$0.00,,,,,,,,
E & J ,,x,11.99,,$0.00,,,,,,,,
Pual Mason,,x,10.39,,$0.00,,,,,,,,
LIQUEUR'S,,,,,,,,,,,,,
Disaronno,,1,38.39,,$0.00,,,,,,,,
Grand Marnier,,4,34.42,,$0.00,,,,,,,,
Cointreau,,4,31.39,,$0.00,,,,,,,,
Chambord,,x,27.99,,$0.00,,,,,,,,
Frangelico,,x,24.79,,$0.00,,,,,,,,
Campari,,x,34.06,,$0.00,,,,,,,,
Kahlua,,x,26.98,,$0.00,,,,,,,,
Jagermeister,,x,26.22,,$0.00,,,,,,,,
Midori,,x,20.8,,$0.00,,,,,,,,
Rum Chata,,x,21.66,,$0.00,,,,,,,,
razzmatazz,,4,10,4,$40.00,,,,,,,,
Mr.Boston Ameretto,,x,5.05,,$0.00,,,,,,,,
Mr.Boston Blue Curacao,,5,5.05,,$0.00,,,,,,,,
Buttershots,,x,10.73,,$0.00,,,,,,,,
Mr.Boston Melon,,1,5.92,,$0.00,,,,,,,,
Mr.Boston Peach Schapps,,6,5.42,2,$10.84,,,,,,,,
Mr.Boston Sour Apple,,1,5.42,,$0.00,,,,,,,,
Dessert LIT,,4,7.19,,$0.00,,,,,,,,
Total ,,,,,"$1,307.26",,,,,,,,
Wines,,,,,,,,,,,,,
Champaigne ,Prev. Order,Pars,Price,Ordered,Total $,Signature,Signature,,,,,,
Korbel Mini Bottles,,24,3.00,,$0.00,,,,,,,,
House Wines,,,,,,,,,,,,,
Sutter Homes Cabernet,,12,5.25,10,$52.50,,,,,,,,
Sutter Homes Merlot,,6,5.25,,$0.00,,,,,,,,
Sutter Homes  Chardonnay,,12,5.25,4,$21.00,,,,,,,,
Sutter Homes Moscato,,6,5.25,2,$10.50,,,,,,,,
Sutter Homes White Zin,,6,5.25,2,$10.50,,,,,,,,
Sutter Homes Pinot Grig.,,8,5.25,1,$5.25,,,,,,,,
Top shelf Wines,,,,,,,,,,,,,
Angeline CAB,,6,5.00,,$0.00,,,,,,,,
Angeline Chard,,6,5.00,,$0.00,,,,,,,,
Angeline Rose,,x,5.00,,$0.00,,,,,,,,
Vietti Moscato ,,2,8.00,,$0.00,,,,,,,,
,,,,,$0.00,,,,,,,,
Total ,,,,,$99.75,,,,,,,,
,,,,,,,,,,,,,
,,,,,,,,,,,,,
,,,,,,,,,,,,,
,,,,,,,,,,,,,
,,,,,,,,,,,,,
,,,,,,,,,,,,,
,,,,,,,,,,,,,
,,,,,,,,,,,,,
,,,,,,,,,,,,,
,,,,,,,,,,,,,
